product_id,name,brand,supermarket_id,unit_measure,size,price,date_updated,category
2,בירה הוגרדן,הוגרדן,1,ליטר,1.08,34.5,2025-03-15 00:00:00+00,אלכוהול
3,בירה חזקה בלונד,לף,1,ליטר,1.98,42.0,2025-03-15 00:00:00+00,אלכוהול
4,בירה סטלה ארטואה,סטלה ארטואה,1,ליטר,1.98,27.2,2025-03-15 00:00:00+00,אלכוהול
5,בירה קורונה אקסטרה,קורונה,1,מל,355,32.1,2025-03-15 00:00:00+00,אלכוהול
6,"בירה גולדסטאר SlowBrew 10%, מארז שישייה, בקבוק 330 מל",גולדסטאר SLOWBREW,1,ליטר,1.98,35.6,2025-03-15 00:00:00+00,אלכוהול
7,"בירה גולדסטאר Unfiltered, מארז שישייה, בקבוק 330 מל",גולדסטאר UNFILTERED,1,ליטר,1.98,29.9,2025-03-15 00:00:00+00,אלכוהול
8,"בירה היינקן 0.0, ללא אלכוהול מארז שישייה",היינקן,1,ליטר,1.98,32.8,2025-03-15 00:00:00+00,אלכוהול
9,"בירה היינקן, מארז שישייה, בקבוק 330 מל",היינקן,1,ליטר,1.98,34.9,2025-03-15 00:00:00+00,אלכוהול
10,קרלסברג מארז,קרלסברג,1,ליטר,1.98,32.5,2025-03-15 00:00:00+00,אלכוהול
11,קרלסברג לומה מארז,קרלסברג,1,ליטר,1.98,35.5,2025-03-15 00:00:00+00,אלכוהול
12,טובורג רד שישיית בקבוקים,טובורג,1,ליטר,1.98,32.5,2025-03-15 00:00:00+00,אלכוהול
13,"בירה מכבי, מארז שישייה, בקבוק 330 מל",בירה מכבי,1,ליטר,1.98,31.1,2025-03-15 00:00:00+00,אלכוהול
14,"בירה מכבי 7.9%, בירה חזקה, מארז שישייה, בקבוק 330 מל",בירה מכבי,1,ליטר,1.98,38.1,2025-03-15 00:00:00+00,אלכוהול
15,"בירה שנדי, בירה בטעם אפרסק, מארז שישייה, 330 מל",שנדי,1,ליטר,1.98,29.9,2025-03-15 00:00:00+00,אלכוהול
16,"בירה שנדי, בירה בטעם לימון ליים, מארז שישייה, 330 מל",שנדי,1,ליטר,1.98,29.9,2025-03-15 00:00:00+00,אלכוהול
17,"בירה שנדי, בירה בטעם תפוח, מארז שישייה, 330 מל",שנדי,1,ליטר,1.98,29.9,2025-03-15 00:00:00+00,אלכוהול
18,"בירה פאולנר, בירת חיטה מעוננת, בקבוק 330 מל",פאולנר,1,ליטר,1.32,36.9,2025-03-15 00:00:00+00,אלכוהול
19,מאלטי בירה שחורה,מאלטי,1,ליטר,1.98,25.6,2025-03-15 00:00:00+00,אלכוהול
20,שיישית נשר מאלט,נשר מאלט,1,ליטר,1.98,28.5,2025-03-15 00:00:00+00,אלכוהול
21,בירה בקס 6 יחידות,בקס,1,ליטר,1.65,24.7,2025-03-15 00:00:00+00,אלכוהול
22,"בירה מכבי, בקבוק חוזר 500 מל",בירה מכבי,1,מל,500,7.7,2025-03-15 00:00:00+00,אלכוהול
23,"בירה מכבי, פחית 500 מל",מכבי,1,מל,500,7.0,2025-03-15 00:00:00+00,אלכוהול
24,"בירה מכבי 7.9%, בקבוק חוזר 500 מל",בירה מכבי,1,מל,500,7.7,2025-03-15 00:00:00+00,אלכוהול
25,"בירה היינקן, בקבוק חוזר 500 מל",היינקן,1,מל,500,9.9,2025-03-15 00:00:00+00,אלכוהול
26,בירה מילר,מילר,1,מל,500,12.2,2025-03-15 00:00:00+00,אלכוהול
27,בירה קורונה אקסטרה,קורונה אקסטרה,1,מל,355,5.9,2025-03-15 00:00:00+00,אלכוהול
28,טובורג רד פחית,טובורג,1,מל,500,11.1,2025-03-15 00:00:00+00,אלכוהול
29,טובורג רד בקבוק,טובורג,1,מל,500,7.1,2025-03-15 00:00:00+00,אלכוהול
30,לף בלונד בירה חזקה,לף בלונד,1,מל,500,8.6,2025-03-15 00:00:00+00,אלכוהול
31,בירה סטלה ארטואה,סטלה ארטואה,1,מל,440,9.6,2025-03-15 00:00:00+00,אלכוהול
32,בירה קרלסברג,קרלסברג,1,מל,500,7.1,2025-03-15 00:00:00+00,אלכוהול
33,בירה הוגרדן,הוגרדן,1,ליטר,1.08,34.5,2025-03-15 00:00:00+00,אלכוהול
34,בירה חזקה בלונד,לף,1,ליטר,1.98,42.0,2025-03-15 00:00:00+00,אלכוהול
35,בירה סטלה ארטואה,סטלה ארטואה,1,ליטר,1.98,27.2,2025-03-15 00:00:00+00,אלכוהול
36,בירה קורונה אקסטרה,קורונה,1,ליטר,2.13,32.1,2025-03-15 00:00:00+00,אלכוהול
37,"בירה גולדסטאר SlowBrew 10%, מארז שישייה, בקבוק",גולדסטאר SLOWBREW,1,ליטר,1.98,35.6,2025-03-15 00:00:00+00,אלכוהול
38,"בירה גולדסטאר Unfiltered, מארז שישייה, בקבוק",גולדסטאר UNFILTERED,1,ליטר,1.98,29.9,2025-03-15 00:00:00+00,אלכוהול
39,"בירה היינקן 0.0, ללא אלכוהול מארז שישייה",היינקן,1,ליטר,1.98,32.8,2025-03-15 00:00:00+00,אלכוהול
40,"בירה היינקן, מארז שישייה, בקבוק",היינקן,1,ליטר,1.98,34.9,2025-03-15 00:00:00+00,אלכוהול
41,קרלסברג מארז,קרלסברג,1,ליטר,1.98,32.5,2025-03-15 00:00:00+00,אלכוהול
42,קרלסברג לומה מארז,קרלסברג,1,ליטר,1.98,35.5,2025-03-15 00:00:00+00,אלכוהול
43,טובורג רד שישיית בקבוקים,טובורג,1,ליטר,1.98,32.5,2025-03-15 00:00:00+00,אלכוהול
44,"בירה מכבי, מארז שישייה, בקבוק",בירה מכבי,1,ליטר,1.98,31.1,2025-03-15 00:00:00+00,אלכוהול
45,"בירה מכבי 7.9%, בירה חזקה, מארז שישייה, בקבוק",בירה מכבי,1,ליטר,1.98,38.1,2025-03-15 00:00:00+00,אלכוהול
46,שישית נשר מאלט,נשר מאלט,1,ליטר,1.98,28.5,2025-03-15 00:00:00+00,אלכוהול
47,שישיית בירה באדוויזר,באדוויזר,1,ליטר,1.98,29.6,2025-03-15 00:00:00+00,אלכוהול
48,בירה לאגר בהירה,מילר,1,ליטר,1.98,34.6,2025-03-15 00:00:00+00,אלכוהול
49,בירה לאגר בהירה פרימיום,סטארופראמן פרימיום,1,ליטר,1.98,34.5,2025-03-15 00:00:00+00,אלכוהול
50,שישיית בירת קרומבכר פילס,קרומבכר,1,ליטר,1.98,29.6,2025-03-15 00:00:00+00,אלכוהול
51,שישיית 1664 Blanc,Blanc 1664,1,ליטר,1.98,46.2,2025-03-15 00:00:00+00,אלכוהול
52,אנטריקוט פרוס טרי 250 גרם ליח',רמי לוי,1,גרם,250,178.3,2025-03-15 00:00:00+00,בשר טרי
53,חזה בקר טרי,רמי לוי,1,קילו,1,59.9,2025-03-15 00:00:00+00,בשר טרי
54,כתף בקר טרי,רמי לוי,1,קילו,1,79.9,2025-03-15 00:00:00+00,בשר טרי
55,סטייק אנטריקוט בקר טרי,רמי לוי,1,קילו,1,119.9,2025-03-15 00:00:00+00,בשר טרי
56,סינטה בקר טרי,רמי לוי,1,קילו,1,139.9,2025-03-15 00:00:00+00,בשר טרי
57,סינטה פרוס טרי 200 גרם ליח',רמי לוי,1,גרם,200,146.8,2025-03-15 00:00:00+00,בשר טרי
58,פילה מדומה בקר טרי,רמי לוי,1,קילו,1,54.9,2025-03-15 00:00:00+00,בשר טרי
59,פרוסות צלי כתף טרי,רמי לוי,1,קילו,1,103.8,2025-03-15 00:00:00+00,בשר טרי
60,צלי כתף בקר טרי,רמי לוי,1,קילו,1,89.9,2025-03-15 00:00:00+00,בשר טרי
61,צלעות בקר טרי,רמי לוי,1,קילו,1,69.9,2025-03-15 00:00:00+00,בשר טרי
62,קוביות כתף טרי,רמי לוי,1,קילו,1,83.8,2025-03-15 00:00:00+00,בשר טרי
63,קוביות לקדרה DEVESA,רמי לוי,1,קילו,1,74.1,2025-03-15 00:00:00+00,בשר טרי
64,קוביות פילה מדומה טרי,רמי לוי,1,קילו,1,94.3,2025-03-15 00:00:00+00,בשר טרי
65,קוביות צלעות בקר טרי,רמי לוי,1,קילו,1,71.2,2025-03-15 00:00:00+00,בשר טרי
66,קשתית אסאדו ללא עצם טרי,רמי לוי,1,קילו,1,79.9,2025-03-15 00:00:00+00,בשר טרי
67,שפיץ צ'אך בקר טרי,רמי לוי,1,קילו,1,112.0,2025-03-15 00:00:00+00,בשר טרי
68,אסאדו טלה טרי,רמי לוי,1,קילו,1,99.9,2025-03-15 00:00:00+00,בשר טרי
69,בשר מס 5 חלק הרב שרגא,,1,קילו,1,73.0,2025-03-15 00:00:00+00,בשר קפוא
70,בשר מס 8 חלק הרב שרגא,,1,קילו,1,50.8,2025-03-15 00:00:00+00,בשר קפוא
71,סטייק אנטריקוט קפוא מחפוד רמי לוי,מחפוד רמי לוי,1,קילו,1,131.3,2025-03-15 00:00:00+00,בשר קפוא
72,גולש בקר 800 גרם מחפוד,מחפוד,1,יחידה,800,55.1,2025-03-15 00:00:00+00,בשר קפוא
73,טיבון ויל שומן כבש,טיבון ויל,1,יחידה,200,19.9,2025-03-15 00:00:00+00,בשר קפוא
74,בשר מינט סטייק אל גאוצ'ו,אל גאוצ'ו,1,יחידה,250,20.0,2025-03-15 00:00:00+00,בשר קפוא
75,שניצל בקר דקדק,אל גאוצ'ו,1,יחידה,250,15.3,2025-03-15 00:00:00+00,בשר קפוא
76,טיבון ויל קישקע קפוא,טיבון ויל,1,יחידה,500,16.9,2025-03-15 00:00:00+00,בשר קפוא
77,שיפודי פרגיות,טיבון ויל,1,יחידה,500,50.5,2025-03-15 00:00:00+00,בשר קפוא
78,בשר מוכשר 5,,1,קילו,1,53.8,2025-03-15 00:00:00+00,בשר קפוא
79,בשר מספר 8 צרכני,,1,קילו,1,42.9,2025-03-15 00:00:00+00,בשר קפוא
80,טחון בקר מחפוד,מחפוד,1,קילו,1,37.4,2025-03-15 00:00:00+00,בשר קפוא
81,לשון חלק קפוא,,1,קילו,1.2,59.9,2025-03-15 00:00:00+00,בשר קפוא
82,סטייק אנטריקוט משובח שקיל,,1,קילו,200,89.9,2025-03-15 00:00:00+00,בשר קפוא
83,עצמות עגל פרוס ארוז,,1,קילו,1,25.8,2025-03-15 00:00:00+00,בשר קפוא
84,פילה מדומה מספר 6 מחפוד קפוא,מחפוד,1,קילו,1,65.7,2025-03-15 00:00:00+00,בשר קפוא
85,צלי כתף מספר 5 מחפוד עוף ירושלים,מחפוד,1,קילו,1,106.0,2025-03-15 00:00:00+00,בשר קפוא
86,שריר הזרוע 8 צרכני קפוא מחפוד,מחפוד,1,קילו,1,63.6,2025-03-15 00:00:00+00,בשר קפוא
87,בשר בקר טחון ומתובל לקציצות ולקבב,טיבון ויל,1,קילו,1,40.6,2025-03-15 00:00:00+00,בשר קפוא
88,בשר עגל טחון קפוא,טיבון וויל,1,קילו,500,27.9,2025-03-15 00:00:00+00,בשר קפוא
89,100% עגל טחון,טיבון ויל,1,קילו,500,30.4,2025-03-15 00:00:00+00,בשר קפוא
90,מוצרלה מגורדת,רמי לוי שיווק השקמה,1,גרם,300,15.8,2025-03-15 00:00:00+00,גבינות
91,מוצרלה פרוסות,רמי לוי שיווק השקמה,1,גרם,250,20.0,2025-03-15 00:00:00+00,גבינות
92,מוצרלה 22% גד,גד,1,גרם,180,18.4,2025-03-15 00:00:00+00,גבינות
93,מוצרלה בייבי 18% גד,גד,1,גרם,150,14.2,2025-03-15 00:00:00+00,גבינות
94,מוצרלה מגוררת,גד,1,גרם,300,27.9,2025-03-15 00:00:00+00,גבינות
95,מוצרלה פרסקה 18% שומן,גד,1,גרם,100,11.8,2025-03-15 00:00:00+00,גבינות
96,פרוסות מוצרלה 22% שומן,גד,1,גרם,200,20.5,2025-03-15 00:00:00+00,גבינות
97,מוצרלה נעם 22%,טרה,1,מל,200,20.7,2025-03-15 00:00:00+00,גבינות
98,מוצרלה כדור,גבינות משק יעקבס,1,גרם,100,11.3,2025-03-15 00:00:00+00,גבינות
99,מוצרלה מגורדת,גבינות משק יעקבס,1,גרם,200,19.9,2025-03-15 00:00:00+00,גבינות
100,פתיתי מוצרלה,השף הלבן,1,גרם,200,13.6,2025-03-15 00:00:00+00,גבינות
101,פרוסות מוצרלה,קולקשן,1,גרם,150,14.7,2025-03-15 00:00:00+00,גבינות
102,בוראטה גבינת מוצרלה,EURO מחלבות אירופה,1,גרם,125,20.5,2025-03-15 00:00:00+00,גבינות
103,כדור מוצרלה במי מלח 18% שומן,CASA ITALIA,1,גרם,180,10.7,2025-03-15 00:00:00+00,גבינות
104,גבינה חצי קשה 22%,גלבוע,1,גרם,200,13.0,2025-03-15 00:00:00+00,גבינות
105,"גבינה חצי קשה, 22%",גלבוע,1,גרם,400,26.6,2025-03-15 00:00:00+00,גבינות
106,גלבוע 5%,גלבוע,1,גרם,200,20.2,2025-03-15 00:00:00+00,גבינות
107,"פרוסות גבינה חצי קשה, 28% שומן",גוש חלב,1,גרם,200,13.0,2025-03-15 00:00:00+00,גבינות
108,גבינה חצי קשה 28% שומן,גוש חלב,1,גרם,400,28.2,2025-03-15 00:00:00+00,גבינות
109,"טריו – מיקס מוצרלה, סקנדינבית וגאודה",השף הלבן,1,גרם,300,23.3,2025-03-15 00:00:00+00,גבינות
110,עמק חטיף אצבעות 28%,עמק,1,גרם,172,14.7,2025-03-15 00:00:00+00,גבינות
111,עמק פתיתים 28% שומן,עמק,1,גרם,500,30.4,2025-03-15 00:00:00+00,גבינות
112,עמק מופחתת שומן 15%,עמק,1,גרם,200,14.0,2025-03-15 00:00:00+00,גבינות
113,עמק פרוסות גבינה חצי קשה 28%,עמק,1,גרם,200,14.0,2025-03-15 00:00:00+00,גבינות
114,גבינה צהובה חצי קשה 28%,עמק,1,גרם,400,24.9,2025-03-15 00:00:00+00,גבינות
115,גבינה צהובה חצי קשה,עמק,1,גרם,400,19.5,2025-03-15 00:00:00+00,גבינות
116,פרוסות גבינה חצי קשה דקדק,עמק,1,גרם,200,14.0,2025-03-15 00:00:00+00,גבינות
117,גבינה חצי קשה 9% שומן,עמק,1,גרם,200,14.7,2025-03-15 00:00:00+00,גבינות
118,עמק גבינה חצי קשה 9%,עמק,1,גרם,400,26.7,2025-03-15 00:00:00+00,גבינות
119,פרוסות גאודה,עמק,1,גרם,200,19.2,2025-03-15 00:00:00+00,גבינות
120,טל העמק 32%,עמק,1,גרם,200,21.2,2025-03-15 00:00:00+00,גבינות
121,"טל העמק, גבינה חצי קשה 9 אחוז",עמק,1,גרם,200,16.4,2025-03-15 00:00:00+00,גבינות
122,צהובה נעם 15%,טרה,1,מל,200,18.4,2025-03-15 00:00:00+00,גבינות
123,מוצרלה מגורדת,רמי לוי שיווק השקמה,1,גרם,300,15.8,2025-03-15 00:00:00+00,גבינות
124,מוצרלה פרוסות,רמי לוי שיווק השקמה,1,גרם,250,20.0,2025-03-15 00:00:00+00,גבינות
125,מוצרלה 22% גד,גד,1,גרם,180,18.4,2025-03-15 00:00:00+00,גבינות
126,מוצרלה בייבי 18% גד,גד,1,גרם,150,14.2,2025-03-15 00:00:00+00,גבינות
127,מוצרלה מגוררת,גד,1,גרם,300,27.9,2025-03-15 00:00:00+00,גבינות
128,מוצרלה פרסקה 18% שומן,גד,1,גרם,100,11.8,2025-03-15 00:00:00+00,גבינות
129,פרוסות מוצרלה 22% שומן,גד,1,גרם,200,20.5,2025-03-15 00:00:00+00,גבינות
130,מוצרלה נעם 22% טרה,טרה,1,מל,200,20.7,2025-03-15 00:00:00+00,גבינות
131,מוצרלה כדור,גבינות משק יעקבס,1,גרם,100,11.3,2025-03-15 00:00:00+00,גבינות
132,מוצרלה מגורדת,גבינות משק יעקבס,1,גרם,200,19.9,2025-03-15 00:00:00+00,גבינות
133,פתיתי מוצרלה,השף הלבן,1,גרם,200,13.6,2025-03-15 00:00:00+00,גבינות
134,פרוסות מוצרלה,קולקשן,1,גרם,150,14.7,2025-03-15 00:00:00+00,גבינות
135,בוראטה גבינת מוצרלה,EURO,1,גרם,125,20.5,2025-03-15 00:00:00+00,גבינות
136,כדור מוצרלה במי מלח 18% שומן,CASA ITALIA,1,גרם,180,10.7,2025-03-15 00:00:00+00,גבינות
137,גבינה חצי קשה 22%,גלבוע,1,גרם,200,13.0,2025-03-15 00:00:00+00,גבינות
138,"גבינה חצי קשה, 22%",גלבוע,1,גרם,400,26.6,2025-03-15 00:00:00+00,גבינות
139,הגבינה חצי קשה 5%,גלבוע,1,גרם,200,20.2,2025-03-15 00:00:00+00,גבינות
140,מוצרלה מגורדת,רמי לוי שיווק השקמה,1,גרם,300,15.8,2025-03-15 00:00:00+00,גבינות
141,מוצרלה פרוסות,רמי לוי שיווק השקמה,1,גרם,250,20.0,2025-03-15 00:00:00+00,גבינות
142,מוצרלה 22% גד,גד,1,גרם,180,18.4,2025-03-15 00:00:00+00,גבינות
143,מוצרלה בייבי 18% גד,גד,1,גרם,150,14.2,2025-03-15 00:00:00+00,גבינות
144,מוצרלה מגוררת,גד,1,גרם,300,27.9,2025-03-15 00:00:00+00,גבינות
145,מוצרלה פרסקה 18% שומן,גד,1,גרם,100,11.8,2025-03-15 00:00:00+00,גבינות
146,פרוסות מוצרלה 22% שומן,גד,1,גרם,200,20.5,2025-03-15 00:00:00+00,גבינות
147,מוצרלה נעם 22%,טרה,1,מל,200,20.7,2025-03-15 00:00:00+00,גבינות
148,מוצרלה כדור,גבינות משק יעקבס,1,גרם,100,11.3,2025-03-15 00:00:00+00,גבינות
149,מוצרלה מגורדת,גבינות משק יעקבס,1,גרם,200,19.9,2025-03-15 00:00:00+00,גבינות
150,פתיתי מוצרלה,השף הלבן,1,גרם,200,13.6,2025-03-15 00:00:00+00,גבינות
151,פרוסות מוצרלה,קולקשן,1,גרם,150,14.7,2025-03-15 00:00:00+00,גבינות
152,בוראטה גבינת מוצרלה,EURO,1,גרם,125,20.5,2025-03-15 00:00:00+00,גבינות
153,כדור מוצרלה במי מלח 18% שומן,CASA ITALIA,1,גרם,180,10.7,2025-03-15 00:00:00+00,גבינות
154,גבינה חצי קשה 22%,גלבוע,1,גרם,200,13.0,2025-03-15 00:00:00+00,גבינות
155,גבינה חצי קשה 22%,גלבוע,1,גרם,400,26.6,2025-03-15 00:00:00+00,גבינות
156,גלבוע 5%,גלבוע,1,גרם,200,20.2,2025-03-15 00:00:00+00,גבינות
157,גבינה חצי קשה 28%,גוש חלב,1,גרם,200,13.0,2025-03-15 00:00:00+00,גבינות
158,גבינה חצי קשה 28%,גוש חלב,1,גרם,400,28.2,2025-03-15 00:00:00+00,גבינות
159,גלבוע 5% 200 גרם,גלבוע,1,גרם,200,20.2,2025-03-15 00:00:00+00,גבינות
160,מוצרלה נעם 22%,טרה,1,מל,200,20.7,2025-03-15 00:00:00+00,גבינות
161,מוצרלה כדור,גבינות משק יעקבס,1,גרם,100,11.3,2025-03-15 00:00:00+00,גבינות
162,מוצרלה מגורדת,גבינות משק יעקבס,1,גרם,200,19.9,2025-03-15 00:00:00+00,גבינות
163,פתיתי מוצרלה,השף הלבן,1,גרם,200,13.6,2025-03-15 00:00:00+00,גבינות
164,פרוסות מוצרלה,קולקשן,1,גרם,150,14.7,2025-03-15 00:00:00+00,גבינות
165,בוראטה גבינת מוצרלה,EURO,1,גרם,125,20.5,2025-03-15 00:00:00+00,גבינות
166,כדור מוצרלה במי מלח 18% שומן,CASA ITALIA,1,גרם,180,10.7,2025-03-15 00:00:00+00,גבינות
167,גבינה חצי קשה 22%,גלבוע,1,גרם,200,13.0,2025-03-15 00:00:00+00,גבינות
168,"גבינה חצי קשה, 22%",גלבוע,1,גרם,400,26.6,2025-03-15 00:00:00+00,גבינות
169,גלבוע 5%,גלבוע,1,גרם,200,20.2,2025-03-15 00:00:00+00,גבינות
170,"פרוסות גבינה חצי קשה, 28% שומן",גוש חלב,1,גרם,200,13.0,2025-03-15 00:00:00+00,גבינות
171,גבינה חצי קשה 28% שומן,גוש חלב,1,גרם,400,28.2,2025-03-15 00:00:00+00,גבינות
172,"טריו – מיקס מוצרלה, סקנדינבית וגאודה",השף הלבן,1,גרם,300,23.3,2025-03-15 00:00:00+00,גבינות
173,עמק חטיף אצבעות 28%,עמק,1,גרם,172,14.7,2025-03-15 00:00:00+00,גבינות
174,עמק פתיתים 28% שומן,עמק,1,גרם,500,30.4,2025-03-15 00:00:00+00,גבינות
175,עמק מופחתת שומן 15%,עמק,1,גרם,200,14.0,2025-03-15 00:00:00+00,גבינות
176,עמק פרוסות גבינה חצי קשה 28%,עמק,1,גרם,200,14.0,2025-03-15 00:00:00+00,גבינות
177,גבינה צהובה חצי קשה 28%,עמק,1,גרם,400,24.9,2025-03-15 00:00:00+00,גבינות
178,גבינה צהובה חצי קשה,עמק,1,גרם,400,19.5,2025-03-15 00:00:00+00,גבינות
179,פרוסות גבינה חצי קשה דקדק,עמק,1,גרם,200,14.0,2025-03-15 00:00:00+00,גבינות
180,גבינה חצי קשה 9% שומן,עמק,1,גרם,200,14.7,2025-03-15 00:00:00+00,גבינות
181,עמק גבינה חצי קשה 9%,עמק,1,גרם,400,26.7,2025-03-15 00:00:00+00,גבינות
182,פרוסות גאודה,עמק,1,גרם,200,19.2,2025-03-15 00:00:00+00,גבינות
183,טל העמק 32%,עמק,1,גרם,200,21.2,2025-03-15 00:00:00+00,גבינות
184,"טל העמק, גבינה חצי קשה 9 אחוז",עמק,1,גרם,200,16.4,2025-03-15 00:00:00+00,גבינות
185,צהובה נעם 15%,טרה,1,מל,200,18.4,2025-03-15 00:00:00+00,גבינות
186,צהובה נעם 22%,טרה,1,מל,200,18.4,2025-03-15 00:00:00+00,גבינות
187,צהובה נעם 9%,טרה,1,מל,360,30.3,2025-03-15 00:00:00+00,גבינות
188,צהובה נעם 9%,טרה,1,מל,200,18.2,2025-03-15 00:00:00+00,גבינות
189,גבינה צהובה מגורדת,טרה,1,מל,500,37.2,2025-03-15 00:00:00+00,גבינות
190,צהובה נעם 28%,טרה,1,מל,200,18.4,2025-03-15 00:00:00+00,גבינות
191,צהובה נעם 28%,טרה,1,מל,360,24.2,2025-03-15 00:00:00+00,גבינות
192,צהובה נעם 28%,טרה,1,גרם,500,25.1,2025-03-15 00:00:00+00,גבינות
193,קשקבל נעם פתיחה חוזרת,טרה,1,גרם,200,21.28,2025-03-15 00:00:00+00,גבינות
194,גבינה חצי קשה 22%,גלבוע,1,גרם,200,13.0,2025-03-15 00:00:00+00,גבינות
195,גבינה חצי קשה 22%,גלבוע,1,גרם,200,13.0,2025-03-15 00:00:00+00,גבינות
196,גבינה חצי קשה 22%,גלבוע,1,גרם,200,13.0,2025-03-15 00:00:00+00,גבינות
197,גבינה חצי קשה 22%,גלבוע,1,גרם,200,13.0,2025-03-15 00:00:00+00,גבינות
198,גבינה חצי קשה 22%,גלבוע,1,גרם,200,13.0,2025-03-15 00:00:00+00,גבינות
199,גבינה בולגרית,רמי לוי,1,גרם,250,13.7,2025-03-15 00:00:00+00,גבינות
200,גבינה בולגרית 5% שומן,גד,1,גרם,250,26.2,2025-03-15 00:00:00+00,גבינות
201,בולגרית למריחה,גד,1,גרם,250,18.4,2025-03-15 00:00:00+00,גבינות
202,גד גבינת מעודנת,גד,1,גרם,250,26.2,2025-03-15 00:00:00+00,גבינות
203,בולגרית מעודנת 5% שומן,גד,1,גרם,250,26.2,2025-03-15 00:00:00+00,גבינות
204,פרוסות בולגרית מעודנת,גד,1,גרם,250,29.6,2025-03-15 00:00:00+00,גבינות
205,צפתית 5%,גד,1,גרם,350,25.5,2025-03-15 00:00:00+00,גבינות
206,צפתית מעודנת 5%,גד,1,גרם,200,14.2,2025-03-15 00:00:00+00,גבינות
207,בולגריות מסורתית 16%,גד,1,גרם,250,26.2,2025-03-15 00:00:00+00,גבינות
208,בולגרית 5%,משק צוריאל,1,גרם,250,24.1,2025-03-15 00:00:00+00,גבינות
209,בולגרית מעודנת 5%,משק צוריאל,1,גרם,250,24.1,2025-03-15 00:00:00+00,גבינות
210,צפתית 5% משק צוריאל,משק צוריאל,1,גרם,200,16.2,2025-03-15 00:00:00+00,גבינות
211,פטה כבשים,גבינות משק יעקבס,1,גרם,250,26.5,2025-03-15 00:00:00+00,גבינות
212,מארז ציטוס כאפה,עלית,1,גרם,200,14.0,2025-03-15 00:00:00+00,חטיפים מלוחים
213,מארז ציטוס איקס עיגול,עלית,1,גרם,200,14.0,2025-03-15 00:00:00+00,חטיפים מלוחים
214,מ.ציטוס קראנצ גבינה,עלית,1,גרם,240,15.1,2025-03-15 00:00:00+00,חטיפים מלוחים
215,מארז תפוצ'יפס קידס,עלית,1,גרם,200,13.9,2025-03-15 00:00:00+00,חטיפים מלוחים
216,תפוצ'יפס טבעי,עלית,1,גרם,200,10.7,2025-03-15 00:00:00+00,חטיפים מלוחים
217,תפוצ'יפס טבעי,עלית,1,גרם,50,3.9,2025-03-15 00:00:00+00,חטיפים מלוחים
218,מארז תפוציפס טבעי,עלית,1,גרם,240,14.4,2025-03-15 00:00:00+00,חטיפים מלוחים
219,תפוצ'יפס שמנת בצל,עלית,1,גרם,200,10.7,2025-03-15 00:00:00+00,חטיפים מלוחים
220,תפוצ'יפס שמנת בצל,עלית,1,גרם,50,3.9,2025-03-15 00:00:00+00,חטיפים מלוחים
221,פופס תפוצ'יפס אפוי,עלית,1,גרם,60,3.9,2025-03-15 00:00:00+00,חטיפים מלוחים
222,תפו קראנץ' גריל,עלית,1,גרם,50,3.9,2025-03-15 00:00:00+00,חטיפים מלוחים
223,תפוצ'יפס קראנץ' טבעי,עלית,1,גרם,200,10.7,2025-03-15 00:00:00+00,חטיפים מלוחים
224,תפו קראנץ' מקסיקני,עלית,1,גרם,50,3.9,2025-03-15 00:00:00+00,חטיפים מלוחים
225,תפוצ'יפס קראנצ',עלית,1,גרם,50,3.9,2025-03-15 00:00:00+00,חטיפים מלוחים
226,תפוצ'יפס מקסיקני,עלית,1,גרם,200,10.7,2025-03-15 00:00:00+00,חטיפים מלוחים
227,תפוצ'יפס גורמה בטטה,עלית,1,גרם,45,7.8,2025-03-15 00:00:00+00,חטיפים מלוחים
228,תפוצ'יפס גורמה ירקות שורש,עלית,1,גרם,45,7.8,2025-03-15 00:00:00+00,חטיפים מלוחים
229,מארז תפוצ'יפס טבעי,עלית,1,גרם,200,9.8,2025-03-15 00:00:00+00,חטיפים מלוחים
230,פרינגלס אורגינל,פרינגלס,1,גרם,149,11.9,2025-03-15 00:00:00+00,חטיפים מלוחים
231,פרינגלס פיצה,פרינגלס,1,גרם,158,11.9,2025-03-15 00:00:00+00,חטיפים מלוחים
232,אפרופו איטלקי כלפ,אסם,1,גרם,50,3.0,2025-03-15 00:00:00+00,חטיפים מלוחים
233,ציטוס כאפה קטשופ,עלית,1,גרם,55,3.7,2025-03-15 00:00:00+00,חטיפים מלוחים
234,צ'יטוס קראנץ גבינה,עלית,1,גרם,80,4.5,2025-03-15 00:00:00+00,חטיפים מלוחים
235,צ'יטוס puffs בטעם גבינה,עלית,1,גרם,160,8.4,2025-03-15 00:00:00+00,חטיפים מלוחים
236,צ'יטוס בטעם גבינה PUFFS,עלית,1,גרם,55,3.7,2025-03-15 00:00:00+00,חטיפים מלוחים
237,צ'יטוס קראנצ' שמנת בצל,עלית,1,גרם,80,4.5,2025-03-15 00:00:00+00,חטיפים מלוחים
238,דוריטוס גריל,עלית,1,גרם,185,8.4,2025-03-15 00:00:00+00,חטיפים מלוחים
239,דוריטוס גריל,עלית,1,גרם,70,3.9,2025-03-15 00:00:00+00,חטיפים מלוחים
240,דוריטוס חמוץ חריף,עלית,1,גרם,70,3.9,2025-03-15 00:00:00+00,חטיפים מלוחים
241,דוריטוס  חמוץ מתוק,עלית,1,גרם,70,2.9,2025-03-15 00:00:00+00,חטיפים מלוחים
242,דוריטוס Dippas טבעי,עלית,1,גרם,185,8.4,2025-03-15 00:00:00+00,חטיפים מלוחים
243,דוריטוס בטעם טבעי,עלית,1,גרם,70,3.9,2025-03-15 00:00:00+00,חטיפים מלוחים
244,דוריטוס חריף אש,עלית,1,גרם,70,3.9,2025-03-15 00:00:00+00,חטיפים מלוחים
245,דוריטוס חמוץ חריף,עלית,1,גרם,185,8.4,2025-03-15 00:00:00+00,חטיפים מלוחים
246,מארז דוריטוס גריל,עלית,1,גרם,250,15.7,2025-03-15 00:00:00+00,חטיפים מלוחים
247,מארז דוריטוס חמוץ חריף,עלית,1,גרם,250,14.7,2025-03-15 00:00:00+00,חטיפים מלוחים
248,חלב טרי 1%,רמי לוי שיווק השקמה,1,ליטר,1,6.6,2025-03-15 00:00:00+00,חלב
249,חלב טרי 3%,רמי לוי שיווק השקמה,1,ליטר,1,6.9,2025-03-15 00:00:00+00,חלב
250,חלב יטבתה מועשר3% בקבוק,יטבתה,1,ליטר,1,8.5,2025-03-15 00:00:00+00,חלב
251,חלב מועשר נטול לקטוז,יטבתה,1,ליטר,1,9.4,2025-03-15 00:00:00+00,חלב
252,חלב עיזים משק צוריאל,משק צוריאל,1,מל,1000,17.6,2025-03-15 00:00:00+00,חלב
253,תנובה חלב טרי 1%,תנובה,1,ליטר,1,6.7,2025-03-15 00:00:00+00,חלב
254,חלב דל לקטוז,תנובה,1,ליטר,1,7.6,2025-03-15 00:00:00+00,חלב
255,חלב 3% מהדרין,תנובה,1,ליטר,1,7.1,2025-03-15 00:00:00+00,חלב
256,חלב וניל תנובה 2%,תנובה,1,ליטר,1,9.6,2025-03-15 00:00:00+00,חלב
257,חלב בקרטון 3%,טרה,1,מל,2000,14.2,2025-03-15 00:00:00+00,חלב
258,חלב נטול לקטוז מועשר בויטמין D,טרה,1,מל,1500,12.7,2025-03-15 00:00:00+00,חלב
259,חלב נטול לקטוז בטעם וניל,טרה,1,מל,1000,11.1,2025-03-15 00:00:00+00,חלב
260,חלב מועשר 3%,טרה,1,מל,1000,8.3,2025-03-15 00:00:00+00,חלב
261,אייס קפוצ'ינו בבקבוק,טרה,1,מל,1000,8.6,2025-03-15 00:00:00+00,חלב
262,משקה חלב בננה בקבוק אישי,טרמה,1,מל,250,5.1,2025-03-15 00:00:00+00,חלב
263,משקה חלב וניל עוגיות,טרה,1,מל,1000,8.6,2025-03-15 00:00:00+00,חלב
264,משקה חלב וניל עוגיות אישי,טרה,1,מל,250,5.1,2025-03-15 00:00:00+00,חלב
265,שוקו טרה בבקבוק אישי,טרה,1,מל,250,5.1,2025-03-15 00:00:00+00,חלב
266,שוקו טרה בבקבוק,טרה,1,מל,1000,8.6,2025-03-15 00:00:00+00,חלב
267,משקה חלב בטעם אייס קפה,יטבתה,1,ליטר,1,12.2,2025-03-15 00:00:00+00,חלב
268,משקה בננה 1 ליטר,יטבתה,1,ליטר,1,11.9,2025-03-15 00:00:00+00,חלב
269,מארז 8 שקית שוקו יטבתה,יטבתה,1,ליטר,1.8,16.3,2025-03-15 00:00:00+00,חלב
270,שוקו יטבתה 1 ליטר,יטבתה,1,ליטר,1,12.2,2025-03-15 00:00:00+00,חלב
271,שוקו יטבתה פקק 250 מל,יטבתה,1,מל,250,5.6,2025-03-15 00:00:00+00,חלב
272,קפה קר וונילה 240 מל,מאסטר קפה,1,מל,240,6.5,2025-03-15 00:00:00+00,חלב
273,מאסטר קפה טרמיסו 240 מל,מאסטר קפה,1,מל,240,6.5,2025-03-15 00:00:00+00,חלב
274,מאסטר קפה לאטה ללא סוכר,מאסטר קפה,1,מל,240,6.5,2025-03-15 00:00:00+00,חלב
275,קפה קר לאטה 240 מל,מאסטר קפה,1,מל,240,6.5,2025-03-15 00:00:00+00,חלב
276,שוקו עמיד תנובה,תנובה,1,מל,250,5.6,2025-03-15 00:00:00+00,חלב
277,אקטימל בטעם תות - 8,שטראוס,1,גרם,864,20.4,2025-03-15 00:00:00+00,חלב
278,אקטימל לבן מארז 16,שטראוס,1,קג,1.728,34.9,2025-03-15 00:00:00+00,חלב
279,אקטימל תות מארז 16,שטראוס,1,קג,1.728,33.9,2025-03-15 00:00:00+00,חלב
280,אקטימל לבן מארז 8,שטראוס,1,גרם,864,20.4,2025-03-15 00:00:00+00,חלב
281,אקטימל תות בננה מארז 8,שטראוס,1,גרם,864,20.4,2025-03-15 00:00:00+00,חלב
282,ביצים 12 יח L,נח,1,יחידה,12,14.09,2025-03-15 00:00:00+00,חלב
283,עגבניה,רמי לוי,1,קילו,1,3.9,2025-03-15 00:00:00+00,ירקות
284,מלפפון,רמי לוי,1,קילו,1,4.9,2025-03-15 00:00:00+00,ירקות
285,פלפל כהה,רמי לוי,1,קילו,1,6.0,2025-03-15 00:00:00+00,ירקות
286,פלפל אדום,רמי לוי,1,קילו,1,5.9,2025-03-15 00:00:00+00,ירקות
287,פלפל בהיר,רמי לוי,1,קילו,1,6.0,2025-03-15 00:00:00+00,ירקות
288,פלפל צהוב,רמי לוי,1,קילו,1,5.9,2025-03-15 00:00:00+00,ירקות
289,פלפל כתום,רמי לוי,1,קילו,1,6.0,2025-03-15 00:00:00+00,ירקות
290,לימון,רמי לוי,1,קילו,1,2.9,2025-03-15 00:00:00+00,ירקות
291,בצל יבש,רמי לוי,1,קילו,1,3.9,2025-03-15 00:00:00+00,ירקות
292,בצל אדום,רמי לוי,1,קילו,1,5.9,2025-03-15 00:00:00+00,ירקות
293,חציל,רמי לוי,1,קילו,1,4.9,2025-03-15 00:00:00+00,ירקות
294,קישוא ירוק,רמי לוי,1,קילו,1,6.9,2025-03-15 00:00:00+00,ירקות
295,כרוב לבן,רמי לוי,1,כ-1,1,2.9,2025-03-15 00:00:00+00,ירקות
296,כרוב אדום,רמי לוי,1,קילו,1.2,2.9,2025-03-15 00:00:00+00,ירקות
297,תפוח אדמה לבן ארוז,רמי לוי,1,קילו,3.8,2.9,2025-03-15 00:00:00+00,ירקות
298,פתוח אדמה לאפיה,רמי לוי,1,קילו,2.5,2.9,2025-03-15 00:00:00+00,ירקות
299,תפוח אדמה אדום ארוז,רמי לוי,1,קילו,3.8,3.9,2025-03-15 00:00:00+00,ירקות
300,פלפל חריף,רמי לוי,1,גרם,25,5.9,2025-03-15 00:00:00+00,ירקות
301,שום טרי,רמי לוי,1,קילו,1,31.3,2025-03-15 00:00:00+00,ירקות
302,אבוקדו,רמי לוי,1,קילו,1,9.9,2025-03-15 00:00:00+00,ירקות
303,בטטה,רמי לוי,1,קילו,1,6.9,2025-03-15 00:00:00+00,ירקות
304,שומר,רמי לוי,1,קילו,1,6.9,2025-03-15 00:00:00+00,ירקות
305,דלורית,רמי לוי,1,קילו,1,4.9,2025-03-15 00:00:00+00,ירקות
306,תפוח אדמה אדום במשקל,רמי לוי,1,קילו,1,4.9,2025-03-15 00:00:00+00,ירקות
307,סלק אדום,רמי לוי,1,קילו,1,2.9,2025-03-15 00:00:00+00,ירקות
308,צנון,רמי לוי,1,קילו,1,6.0,2025-03-15 00:00:00+00,ירקות
309,קולורבי,רמי לוי,1,קילו,1,3.9,2025-03-15 00:00:00+00,ירקות
310,חצילים בלדי,רמי לוי,1,גרם,800,4.9,2025-03-15 00:00:00+00,ירקות
311,סלרי חתוך,רמי לוי,1,יחידה,1,8.0,2025-03-15 00:00:00+00,ירקות
312,פלפלונים רמי לוי,רמי לוי,1,יחידה,1,10.9,2025-03-15 00:00:00+00,ירקות
313,מלפפון בייבי רמי לוי,רמי לוי,1,יחידה,1,11.1,2025-03-15 00:00:00+00,ירקות
314,עגבניות שרי קלמר,רמי לוי,1,יחידה,1,10.3,2025-03-15 00:00:00+00,ירקות
315,עגבניות שרי ליקופן,רמי לוי,1,יחידה,1,13.6,2025-03-15 00:00:00+00,ירקות
316,עגבניות שרי מיקס,רמי לוי,1,יחידה,1,14.5,2025-03-15 00:00:00+00,ירקות
317,לבבות קיסר בנספק רמי לוי,רמי לוי,1,יחידה,1,12.1,2025-03-15 00:00:00+00,ירקות
318,חזה שלם טרי מהדרין,מהדרין,1,קילו,1,34.9,2025-03-15 00:00:00+00,עוף טרי
319,ירכיים עוף טרי מהדרין,מהדרין,1,קילו,1,23.9,2025-03-15 00:00:00+00,עוף טרי
320,כבד עוף טרי לצלייה בלבד מהדרין,מהדרין,1,קילו,1,14.7,2025-03-15 00:00:00+00,עוף טרי
321,כנפיים עוף טרי מהדרין,מהדרין,1,קילו,1,8.5,2025-03-15 00:00:00+00,עוף טרי
322,כרעיים עוף טרי מהדרין,מהדרין,1,קילו,1,23.9,2025-03-15 00:00:00+00,עוף טרי
323,לב עוף טרי מהדרין,מהדרין,1,קילו,1,26.9,2025-03-15 00:00:00+00,עוף טרי
324,עוף טרי מהדרין,מהדרין,1,קילו,1,21.9,2025-03-15 00:00:00+00,עוף טרי
325,פילה עוף טרי מהדרין,מהדרין,1,קילו,1,35.5,2025-03-15 00:00:00+00,עוף טרי
326,שווארמה עוף טרי מהדרין,מהדרין,1,קילו,1,64.9,2025-03-15 00:00:00+00,עוף טרי
327,שוקיים עוף טרי מהדרין,מהדרין,1,קילו,1,29.9,2025-03-15 00:00:00+00,עוף טרי
328,שניצל עוף טרי מהדרין,מהדרין,1,קילו,1,36.9,2025-03-15 00:00:00+00,עוף טרי
329,כבד עוף טרי,,1,קילו,1,12.5,2025-03-15 00:00:00+00,עוף טרי
330,חזה עוף פרימיום,פרימיום,1,קילו,1,38.2,2025-03-15 00:00:00+00,עוף טרי
331,סטייק פרגית פרימיום,פרימיום,1,קילו,1,61.2,2025-03-15 00:00:00+00,עוף טרי
332,שוקיים פרימיום,פרימיום,1,קילו,1,29.5,2025-03-15 00:00:00+00,עוף טרי
333,שיפודי שווארמה (פרגית),מעדני הטלה,1,גרם,600,62.1,2025-03-15 00:00:00+00,עוף קפוא
334,רבעי פרגיות ממולאות,,1,קילו,1,54.9,2025-03-15 00:00:00+00,עוף קפוא
335,רבעי פרגיות ממולאות,,1,קילו,1,55.9,2025-03-15 00:00:00+00,עוף קפוא
336,שווארמה פרגית,מעדני הטלה,1,גרם,500,39.4,2025-03-15 00:00:00+00,עוף קפוא
337,הודו טחון,טיבון ויל,1,גרם,500,14.2,2025-03-15 00:00:00+00,עוף קפוא
338,מוצר בשר הודו אדום מתובל טחון,תיבון וויל,1,גרם,500,14.2,2025-03-15 00:00:00+00,עוף קפוא
339,טחון עוף,טיבון ויל,1,גרם,500,14.9,2025-03-15 00:00:00+00,עוף קפוא
340,חזה עוף מחפוד,,1,קילו,1.3,41.2,2025-03-15 00:00:00+00,עוף קפוא
341,ירכיים עוף מחפוד,,1,קילו,1.5,39.1,2025-03-15 00:00:00+00,עוף קפוא
342,כבד עוף קפוא מחפוד,,1,קילו,1.5,19.9,2025-03-15 00:00:00+00,עוף קפוא
343,כנפיים עוף מחפוד,,1,קילו,1.5,11.9,2025-03-15 00:00:00+00,עוף קפוא
344,כרעיים עוף מחפוד,,1,קילו,1.5,39.1,2025-03-15 00:00:00+00,עוף קפוא
345,לבבות עוף מחפוד,,1,קילו,0.8,15.9,2025-03-15 00:00:00+00,עוף קפוא
346,עוף מספר 2 מחפוד,,1,קילו,1.5,28.7,2025-03-15 00:00:00+00,עוף קפוא
347,פרגיות עוף קפוא מחפוד,,1,קילו,1,86.9,2025-03-15 00:00:00+00,עוף קפוא
348,שוקיים עוף מחפוד,,1,קילו,1,41.2,2025-03-15 00:00:00+00,עוף קפוא
349,שניצל עוף פרוס מחפוד,,1,קילו,1,43.4,2025-03-15 00:00:00+00,עוף קפוא
350,מלון,,1,קילו,1,7.9,2025-03-15 00:00:00+00,פירות
351,קיווי,,1,קילו,1,15.0,2025-03-15 00:00:00+00,פירות
352,אגס,,1,קילו,1,12.0,2025-03-15 00:00:00+00,פירות
353,אגס אדום,,1,קילו,1,14.1,2025-03-15 00:00:00+00,פירות
354,תפוח עץ חרמון,,1,קילו,1,8.9,2025-03-15 00:00:00+00,פירות
355,תפוח עץ פינק,,1,קילו,1,16.9,2025-03-15 00:00:00+00,פירות
356,תפוח עץ מוזהב,,1,קילו,1,8.9,2025-03-15 00:00:00+00,פירות
357,תפוח עץ ירוק גרנד סמיט,,1,קילו,1,8.9,2025-03-15 00:00:00+00,פירות
358,בננה,,1,קילו,1,6.9,2025-03-15 00:00:00+00,פירות
359,קלמנטינה,,1,קילו,1,4.9,2025-03-15 00:00:00+00,פירות
360,תפוז ברשת,,1,קילו,2.2,6.9,2025-03-15 00:00:00+00,פירות
361,תפוז,,1,קילו,1,3.9,2025-03-15 00:00:00+00,פירות
362,פומלה,,1,קילו,1.3,4.9,2025-03-15 00:00:00+00,פירות
363,אשכולית אדומה,,1,גרם,600,4.9,2025-03-15 00:00:00+00,פירות
364,פומלית,,1,גרם,600,4.9,2025-03-15 00:00:00+00,פירות
365,תמר מג'הול מובחר 1קג,,1,קילו,1,34.0,2025-03-15 00:00:00+00,פירות
366,אננס מובחר,,1,קילו,1.2,16.2,2025-03-15 00:00:00+00,פירות
367,תות שדה כ-450 גרם,,1,גרם,450,10.0,2025-03-15 00:00:00+00,פירות
368,תמר מגהול סהר ותמר 1 קילו,,1,קילו,1,20.2,2025-03-15 00:00:00+00,פירות
369,שמן קנולה,שמן בר,1,ליטר,1,8.9,2025-03-15 00:00:00+00,שמן
370,שמן חמניות אקסטרה בתוספת נוגדי בחמצן,רמי לוי שיווק השקמה,1,ליטר,1,12.6,2025-03-15 00:00:00+00,שמן
371,שמן חמניות אקסטרה בתוספת ויטמין E,רמי לוי שיווק השקמה,1,ליטר,1,12.6,2025-03-15 00:00:00+00,שמן
372,שמן קנולה אקסטרה בתוספת ויטמין E,רמי לוי שיווק השקמה,1,ליטר,1,12.6,2025-03-15 00:00:00+00,שמן
373,שמן קנולה מזוכך,רמי לוי שיווק השקמה,1,ליטר,1,9.3,2025-03-15 00:00:00+00,שמן
374,שמן קנולה אלומות,אלומות,1,ליטר,1,9.3,2025-03-15 00:00:00+00,שמן
375,שמן קנולה אקסטרה בתוספת נוגדי חמצון,רמי לוי שיווק השקמה,1,ליטר,1,12.6,2025-03-15 00:00:00+00,שמן
376,תרסיס שמן זית,פאם,1,מל,148,17.3,2025-03-15 00:00:00+00,שמן
377,תרסיס שמן קנולה,פאם,1,מל,148,17.3,2025-03-15 00:00:00+00,שמן
378,תרסיס שמן בטעם חמאה,פאם,1,מל,148,17.3,2025-03-15 00:00:00+00,שמן
379,תרסיס שמן קנולה,תבליני מימון,1,גרם,170,13.7,2025-03-15 00:00:00+00,שמן
380,שמן קנולה מועשר בנוגדי חמצון,עץ הזית,1,ליטר,1,13.1,2025-03-15 00:00:00+00,שמן
381,שמן זרעי דלעת,עץ הזית,1,מל,250,29.9,2025-03-15 00:00:00+00,שמן
382,חמניות פלוס אומגה 3,עץ הזית,1,ליטר,1,14.9,2025-03-15 00:00:00+00,שמן
383,שמן קנולה מועשר בויטמין E,עץ הזית,1,ליטר,1,13.2,2025-03-15 00:00:00+00,שמן
384,שמן קנולה פלוס אומגה 3,עץ הזית,1,ליטר,1,15.1,2025-03-15 00:00:00+00,שמן
385,שמן שומשום,עץ הזית,1,מל,250,33.8,2025-03-15 00:00:00+00,שמן
386,תרסיס שמן קנולה בטעם חמאה,עץ הזית,1,מל,200,15.9,2025-03-15 00:00:00+00,שמן
387,תרסיס שמן חמניות,עץ הזית,1,מל,200,15.9,2025-03-15 00:00:00+00,שמן
388,תרסיס שמן קנולה,עץ הזית,1,מל,200,14.9,2025-03-15 00:00:00+00,שמן
389,שמן זית כתית מעולה,רמי לוי שיווק השקמה,1,מל,750,31.1,2025-03-15 00:00:00+00,שמן
390,שמן זיתולה,עץ הזית,1,מל,750,19.9,2025-03-15 00:00:00+00,שמן
391,תרסיס שמן זית,תבליני מימון,1,מל,140,19.9,2025-03-15 00:00:00+00,שמן
392,חומץ 5%,רמי לוי שיווק השקמה,1,ליטר,1,5.6,2025-03-15 00:00:00+00,שמן
393,חומץ בלסמי ממודנה 6%,ג'קובזי,1,מל,500,18.2,2025-03-15 00:00:00+00,שמן
394,חומץ בלסמי ממודנה,יד מרדכי,1,מל,250,14.2,2025-03-15 00:00:00+00,שמן
395,מיץ לימון משומר,רמי לוי,1,ליטר,1,8.4,2025-03-15 00:00:00+00,שמן
396,מיץ לימון משומר,רמי לוי,1,מל,200,6.3,2025-03-15 00:00:00+00,שמן
397,רוטב לימון משומר,רמי לוי שיווק השקמה,1,ליטר,1,5.6,2025-03-15 00:00:00+00,שמן
398,מיץ לימון 250 מל,תבליני מימון,1,מל,250,7.8,2025-03-15 00:00:00+00,שמן
399,מיץ לימון 500 מל,LEMON TREE,1,מל,500,11.7,2025-03-15 00:00:00+00,שמן
400,מיץ לימון טבעי,יד מרדכי,1,מל,250,7.1,2025-03-15 00:00:00+00,שמן
401,רוטב לימון משומר לתיבול,"יכין, פרי מבורך",1,גרם,1040,4.3,2025-03-15 00:00:00+00,שמן
402,מיץ לימון משומר,סיציליה,1,מל,200,7.8,2025-03-15 00:00:00+00,שמן
403,מיץ לימון עשוי מרכז טבע,מיה,1,גרם,500,9.9,2025-03-15 00:00:00+00,שמן
404,מיץ לימון משומר כשר לפסח,עסיס,1,קג,1.03,9.1,2025-03-15 00:00:00+00,שמן